<manifest alg="2" build="2017.0.1.363" opt="true" iceEnabled="true" iceMarkupVersion="2" iceEnabledOptions="link,responsive,cachebuster" exportTarget="other" domain="biznesok.top" resolutions="1x" timestamp="1483199459581">
  <folder name="css">
    <file name="site_global.css" crc="4289600661"/>
    <file name="index.css" crc="3861464827" ref="index"/>
    <file name="iefonts_index.css" crc="3908364090" ref="index"/>
    <file name="about.css" crc="4077386092" ref="about"/>
    <file name="iefonts_about.css" crc="4007437003" ref="about"/>
    <file name="portfolio.css" crc="236795252" ref="portfolio"/>
    <file name="iefonts_portfolio.css" crc="514968788" ref="portfolio"/>
    <file name="project.css" crc="103589492" ref="project"/>
    <file name="iefonts_project.css" crc="75707214" ref="project"/>
    <file name="contact.css" crc="3788933069" ref="contact"/>
  </folder>
  <folder name="scripts">
    <file name="jquery-1.8.3.min.js" crc="209076791" ref="index:about:portfolio:contact:project"/>
    <file name="museutils.js" crc="4148063285" ref="index:about:portfolio:contact:project"/>
    <file name="whatinput.js" crc="86476730" ref="index:about:portfolio:contact:project"/>
    <file name="museconfig.js" crc="4179431180" ref="index:about:portfolio:contact:project"/>
    <file name="jquery.musemenu.js" crc="3765830709" ref="index:about:portfolio:contact:project"/>
    <file name="jquery.watch.js" crc="437028206" ref="index:about:portfolio:contact:project"/>
    <file name="webpro.js" crc="3986320349" ref="index:portfolio:contact:project"/>
    <file name="musewpslideshow.js" crc="405464237" ref="index:portfolio:project"/>
    <file name="jquery.museoverlay.js" crc="305414130" ref="index:portfolio:project"/>
    <file name="touchswipe.js" crc="221459597" ref="index:portfolio:project"/>
    <file name="jquery.musepolyfill.bgsize.js" crc="4001026563" ref="index:about:portfolio"/>
    <file name="html5shiv.js" crc="4241844378" ref="index:about:portfolio:contact:project"/>
    <file name="require.js" crc="4159430777" ref="index:about:portfolio:contact:project"/>
    <file name="form_check.php" crc="303648844" ref="contact"/>
    <file name="form_throttle.php" crc="236764551" ref="contact"/>
    <file name="form_process.php" crc="4272079531" ref="contact"/>
    <file name="form-u919.php" crc="52637952" ref="contact"/>
  </folder>
  <folder name="images">
    <file name="landscape-man-person-night.jpg" crc="29329125" seo="true" ref="index"/>
    <file name="blank.gif" crc="4208392903" ref="index:project"/>
    <file name="wood-nature-sun-forest.jpg" crc="263791151" seo="true" ref="index"/>
    <file name="loading.gif" crc="3815509949" ref="index:project"/>
    <file name="1093c04648616558569d9327baa-u1716-fr.jpg" crc="4008772146" ref="index"/>
    <file name="8gyqork1m6y-u235-fr.jpg" crc="299875898" ref="index"/>
    <file name="8gyqork1m6y-u235-r-fr.png" crc="3928360594" ref="index"/>
    <file name="8gyqork1m6y.jpg" crc="146976005" ref="index"/>
    <file name="facebook.png" crc="317936629" ref="index:about:portfolio:project"/>
    <file name="vimeo.png" crc="523308923" ref="index:about:portfolio:project"/>
    <file name="twitter.png" crc="4102706121" ref="index:about:portfolio:project"/>
    <file name="skype.png" crc="4267061425" ref="index:about:portfolio:project"/>
    <file name="hvo6boiz2r0.jpg" crc="482274327" ref="about"/>
    <file name="1093c04648616558569d9327baa.jpg" crc="4011115730" seo="true" ref="portfolio:project"/>
    <file name="1093c04648616558569d9327baa-u2496-r-fr.png" crc="383051117" ref="portfolio"/>
    <file name="phone-31172_960_720.png" crc="145695079" seo="true" ref="contact"/>
    <file name="black.png" crc="33785939" seo="true" ref="contact"/>
    <file name="1eab1a4648616558569a96351e9-crop-u2955.jpg" crc="300450399" ref="project"/>
    <file name="7c1b694648616558569a9633234-crop-u3098.jpg" crc="3889603901" ref="project"/>
    <file name="24d5cd4648616558569a9632c67.jpg" crc="457284720" seo="true" ref="project"/>
    <file name="bb719d4648616558569a9633ff1-crop-u3202.jpg" crc="3981341220" ref="project"/>
    <file name="c1f8d94648616558569a9635772-crop-u3228.jpg" crc="18259201" ref="project"/>
    <file name="e551264648616558569a96337da-crop-u3254.jpg" crc="42750554" ref="project"/>
    <file name="f30e9a4648616558569a96367c5-crop-u3280.jpg" crc="362106801" ref="project"/>
    <file name="68fbca4648616558569a9637d88.jpg" crc="129826357" seo="true" ref="project"/>
    <file name="1093c04648616558569d9327baa65x39.jpg" crc="3987179804" seo="true" ref="project"/>
    <file name="1eab1a4648616558569a96351e960x52.jpg" crc="505407753" seo="true" ref="project"/>
    <file name="7c1b694648616558569a963323460x48.jpg" crc="3840669543" seo="true" ref="project"/>
    <file name="24d5cd4648616558569a9632c6768x45.jpg" crc="3938155677" seo="true" ref="project"/>
    <file name="bb719d4648616558569a9633ff160x54.jpg" crc="484422766" seo="true" ref="project"/>
    <file name="c1f8d94648616558569a963577260x53.jpg" crc="475317407" seo="true" ref="project"/>
    <file name="e551264648616558569a96337da60x45.jpg" crc="4172808274" seo="true" ref="project"/>
    <file name="f30e9a4648616558569a96367c560x52.jpg" crc="4016293317" seo="true" ref="project"/>
    <file name="68fbca4648616558569a9637d88-crop-u3158.jpg" crc="31510734" ref="project"/>
  </folder>
  <file name="index.html" crc="270941223" seo="true" mt="1483195531764" redirect="true"/>
  <file name="about.html" crc="3970664715" seo="true" mt="1483177827511" redirect="true"/>
  <file name="portfolio.html" crc="376706658" seo="true" mt="1483199429110" redirect="true"/>
  <file name="contact.html" crc="4103363179" seo="true" mt="1483146726589" redirect="true"/>
  <file name="project.html" crc="4174895813" seo="true" mt="1483195323285" redirect="true"/>
</manifest>